id,community
Spanish Shrimp  Carriers,0
3506021,0
Conventionâ,0
Ancla Azul Company Solutions,9
185106,0
Stephanie Garner,0
âpair,0
Guessl,0
Federated,0
94760735,0
83,0
imo,0
Torremolinos,0
International-Convention,0
551,0
314,0
FinestSea Ltd. Corporation Enterprises,0
653,0
Playa de la Felicidad Oyj Cargo,0
77b46bc7-7e31-41a0-973c-e633011d21b0,4
âencounteredâ,0
f7a4114d-d1ca-44df-a7e0-c72e440671ba,0
39,4
3433,0
Kara Sullivan,0
52093e45-b873-4300-9612-8dfc291b1339,0
200640636,0
300668979,0
Stacey Ortega,0
allAfrica,0
l y S.A. de C.V. International,0
903311212,10
SeaSpray Wave SRL Solutions,10
png xi  Line,10
Mar del Oeste Pic,10
Ocean Fisheries Llc,10
185040354,4
4,4
7,4
35,4
6406040,4
Jamie Knox,4
664738735,0
5848,0
505943,4
Jerry Welch,7
23774,4
262157542,4
46194,4
Fisherman'sFriend Charter Boat S.A. de C.V. Freight ,4
PC,4
7892,4
7298083,4
e69d4cb2-8bec-4496-8518-7426c6b9da65,4
979893388,8
860067396,0
ipoa-iuu,0
79538,9
Amanda Mckenzie,8
Danielle Camacho,9
âHe,9
Wesley Vasquez,4
Kelly Mccarthy,9
Kayla Reynolds,4
yearsâthat,4
950574,4
99661834,4
348079,0
Fish Sea,0
Sea Products,0
13015105,0
4447143,0
f514483d-fb5f-4cb2-bb8d-b616b10336d8,0
78,0
2,10
Brett Lee,10
5,8
665912557,8
Julie Callahan,8
7361,4
âlocalâ,4
Ex-Lax,4
salmon,10
9166,9
Pacific Island States United Statesâ,4
territory American Samoa,4
Fishisland,4
9,10
a0deebdf-db0c-4aa8-91b6-0536e017c20f,10
Barbara Mccarty,8
Sabrina Zamora,9
Daniel Snyder,7
Maria Russell,7
Carlos White,1
Helen Chase,10
Loretta Harrington,9
Stacey Ortiz,9
choicesmagazine,10
Morgan Black,1
Tristan Johnson,1
Michelle Kelley,8
Austin Simpson,8
su y CJSC Canal,8
Marvin Everett,8
Robert Vega,8
ââ,8
Jeremy Norris,2
Calvin Salas,1
8698,1
964,1
Claire Russell,1
Jason Davis,1
9488645,1
93873119,4
Jeremy Cordova,10
Explorer,10
602ea158-0519-47fc-badc-787721580418,10
380,0
f9f6fc72-83db-4c44-a818-dde6c33985f9,0
âtransshipmentâ,0
Brooke Garza,0
Feng,0
Platts Oilgram,0
Sergio Ross,0
Daniel Middleton,0
Plastic,0
Plattsâ,0
Patricia Hunter,0
Deepwater Horizon,0
Kerala Market Corp Consulting,0
f20779bf-63b5-4ea4-bb5f-944bb9449bce,10
349,10
ee05a28e-82ba-4f1d-a60f-68797a422ada,0
Fisheries Inc,4
1415,0
3b728c8f-1eaa-4f16-8c63-d3bcffd437bb,3
573756802,3
âshabuâ,3
2989,4
df42b319-be6a-4a2e-b11d-c4da7ecfc01c,0
860600018,9
0f5fd4f9-1683-464e-9459-a4488de5064b,0
6393,0
Kimberly Lara,9
morningâs,9
Anna Thomas MD,9
Bergmanâs,9
637608,9
John Gonzalez,9
e53552bc-174b-4799-b96b-c23cfa0731cb,9
5337,9
838200939,9
435054320,2
Cutter,2
40213337,2
cutters,2
8327,2
Teresa Rivera,2
Conduct Joint,2
e1d7b4ac-ed31-42a4-9375-4afb0f78f276,2
Mary Horton,2
Angela Spencer,2
Jenna Barton,2
Tyler Brown,2
863749817,2
567217,2
48,2
475,2
Oliver,2
Amanda Becker,2
Frederick Hunter,2
Linda Holden,1
Donna Romero,1
Amanda Garcia,1
75471,1
Wendy Crane,3
Danielle Perry,2
CraftâLaw,2
8851578d-3dd7-4430-8f73-b95305eb1f03,2
Andrew Harrison,2
90411963,10
88a1fe65-33d9-487a-a3ac-d4208f41b754,2
Sept,8
Paul Wiley,8
Miranda Long,8
Joseph Williams,8
Seth Kelley,8
Christopher Miller,8
Scott Anderson,8
Jeremy Woodard,8
âenticedâ,8
Emily Kennedy,9
Melissa Bates,9
9203,10
Lindsay Bennett,10
3878194,0
Amy Kent,0
760079,10
3009706,10
Cody Lewis,10
449308,4
Debbie Daniel,0
165e0fe7-6725-4f4c-abc1-3ef485a939b0,10
Ashley Wiggins,10
657,10
George Ramirez,10
801809,10
58745,10
Andrew Gamble,10
21240092,8
West Bengal S.A. de C.V.,10
b47086b0-e225-436a-83b1-2cf5cda4dbd5,10
2913,5
Daniel Wood,7
Patricia Bowen,1
Jonathan Spence,10
Ann Flowers,10
5235138,7
Seafood,6
Diana Kelley,10
DECEUNINCK,10
Madeline Collins,10
âTrials,10
Laurie Mclaughlin,10
BPâs,10
waterâ,10
032522db-8105-4c26-8142-ae9d5806f7c5,10
Dana Knapp,10
Lisa Castaneda,8
Shellfish Chile SA,10
6204,10
Perch,10
a0ea93dc-6767-4682-b424-21b5a24ea24b,10
Michelle Jackson,10
Stephen Marks,10
John Avila,10
Simien Mountains  Company Delivery,10
Philip Murphy,8
Amanda Rogers,2
Faurtil FÃ¡brica Urnas TietÃª,10
f64e747e-13de-4628-b939-92a8ff4eb03f,0
Martin Bryant,7
Sudd Swamp  Wave AS Freight ,5
Hannah Ray,10
Nicholas King,10
Kenneth Fox,10
5246016,10
d5b94ebc-e03a-438e-872b-a15db349a748,10
737205,4
Randy Collins,10
Clayton Rodgers,10
4783,10
Filkinsâ,10
e2816018-e01c-4eac-8dc5-e84aebc22cff,6
Vanessa Avila,6
529,6
12845006,1
34153143,1
âTheoretically,1
Jonathan Torres,1
Gary Dunn,1
Brittany Frey,7
sectors sectors 2033,1
Lauren Moore,4
Leominster Provincetownâ,4
371bf15a-3000-499a-88e4-cc096b028ec7,0
913428,0
Marcus English,0
Kyle Stanton,10
Laura Smith,10
47562016,0
672,5
Jennifer Frederick,5
449820,5
489,10
833355,10
Tammy Ryan,10
1214936,4
Elijah Gordon,7
Brandy Williams,8
boatâs,1
41695239,10
Joshua Hammond,9
Amanda Gibson,7
55394387,1
950ce1a6-a178-4e3e-9316-91ab7ca88664,10
Mrs. Katrina Williams,10
krxd,10
Hannah Brown,1
Lauren Garner,10
George Vance,10
e678510b-947d-455a-8eb0-44d1009682ec,10
Samuel Cross,10
James Horton,10
Thomas Morales,8
432526990,1
43223,10
electric cars,10
613281364,10
Hardwoodsâ,10
Robert Rodriguez,10
47924922,1
Motor Vessel,10
bc507d7c-29c9-4b0d-909e-52dd450a25d3,10
Today,2
037acfda-0d33-4ce8-8907-fe7da3e27dff,10
64667049,10
65,10
cutter James,2
b636c0f8-2ddf-42ad-9f9c-73bd48682561,2
sailboat Freeport,2
Coast,2
Ryan Perez,2
dd3f2822-2964-4d18-92c2-7a6db4b4a9e5,2
6567453,2
9786,0
Qingdao Kaiyuan Seafoods,0
Melissa Spence,7
Ocean Tuna,4
2230601,4
75835980,4
Petroleum Vapor Intrusion,4
9204971,4
36295,0
Jeremiah Delacruz,0
âsquids,0
âclams,0
Octopus,0
60253,0
âSocioeconomic,0
Jeffrey Yates,10
Mar de Cristalino Co,10
1465792,10
760402,2
48115,2
Cape of Good Hope  Oyj,10
116070050,10
fc4e853f-6e18-4631-bf95-f70d6a30579f,7
âbelieve,7
Dr. Daniel Massey,7
âWhatâs,7
Kathleen Benitez,8
Brett Williams,7
Easterlingsâ,7
Seth Peters,7
705283b0-cdb7-4f0a-8481-b3fea243a8e5,10
Boat,2
7320771,0
Aleut Community St,1
KanuuxÌ,1
e8036bce-0679-41d2-aa7b-d444163ae65a,1
âAlaÄum KanuuxÌ,1
42603647,4
8544797,4
5070599,4
8966,4
647724,4
28890617,2
c14a3dc1-59d0-4b92-b9f3-331e51912787,8
Kevin Norton,9
685607,9
40952,8
Hunter Wheeler,10
299,1
2ceda972-c633-4a88-bbe8-a4fe48cb5555,0
Spy,10
Courtney Evans,7
Mexicoâs YucatÃ,7
Hannah Taylor,7
1196cfc8-175c-465b-aee9-fbf74c81aa49,7
days,5
1710a32e-7a58-4d7f-9c5e-bf897b7419a3,10
Daniel Shaffer,10
Jeanette Kim,5
sh rn y Corporation,5
ninety,5
90,5
Punjab Market Marine sanctuary ship,10
9237588,10
Brandi White,10
68ac10aa-80a3-4b3c-99e5-f5708715ab2c,8
Christopher Benitez,10
The Pew Charitable Trustsâ,10
32416483,10
25125567,0
John Barnes DDS,8
Grace Perez,8
Travis Rivera,8
Matthew Anderson,1
Aqua Ambassadors Limited Liability Company,1
Kagera River  GmbH & Co. KG Delivery,1
Sea Luxe Oceanography Kga Transportation,1
Kristine Vaughn,9
Anna Smith,9
ï¬sh,1
Robert Adams,10
Brandon Jackson,10
Alyssa Mccoy,10
Michael Baker,10
âshark finâ,10
243964,1
691192,1
e13aca6a-88b5-4be7-a293-4a57854d7b1d,7
Allison Leonard,7
Oceanfront Oasis Inc Carriers,2
Amy Wise,8
Jennifer Reilly,8
Krystal Lee,8
ARA Contraalmirante Cordero,8
822596165,5
5421,5
Pez Dorado BV Logistics,5
019d89a8-36be-4402-bf3c-d13cb982cf3f,5
brianbushard,8
13d79d632036,8
1da2bc5a-e590-41c9-9982-2ade48dfc426,0
842229565,4
Dylan Roberts,9
Hang,9
Oceans,0
âconservativeâ,0
7c54563c-577c-462f-8e30-389b510c776a,10
Morning,10
Jennifer Simmons,10
61057213,0
678,10
hi xng BV Carriers,10
34f0cbbf-83c3-4e09-ad7a-b94a778f7c12,10
Madison Edwards,8
Kristin Dawson,9
492238508,0
Anita Tate,0
âCinder,0
Pitâ,0
Kariba Dam  N.V. Brothers,0
13,10
36b70b18-465a-442f-bfbe-cedb85d48acc,10
reefers,4
Tuna Vietnam,4
Jo Francis,9
Stephanie Thompson,9
9590898,8
Joshua Garrett,8
95230042,8
3308429,8
4657860,8
7234,8
Mary Jenkins,4
Nicole Smith,4
Justin Fowler,4
120,4
2422788,4
Marine Foods,4
MCDP,4
c97073d1-61a4-4a06-a189-8b4642a699e1,4
9992346,4
227,4
Cynthia Byrd,8
Christopher Hernandez,1
58666504,5
70347729,5
613465161,10
884648,5
Â£800,9
Sara Waller,5
353149780,5
Jessica Owens,10
6038,0
67909,0
1012,4
724,4
1f899410-3447-48e7-bcb3-cbff10619e86,10
James Hernandez,10
Lauren Jackson DDS,1
ï¬shes,1
Darren Wilson,8
Andrew Miller,8
2038650116,8
440994840,7
17592,8
313441257,7
506986590,4
7321,4
Philip Black,8
7548555,8
Ocean Patrol,8
ARA Bouchard,8
461553,0
Rebecca Fox,10
d6968538-6f18-4a1c-a4e2-59de3c0e25c2,8
216,3
James Carr,3
Daniel Burton,3
Susan Mendoza,3
06c161ac-e601-493f-b8df-839382e16a74,10
Julie Parks,10
USS Hurricane,4
1559,4
39033859,4
Tara Hanson,4
Anthony Le,9
Tonya Key,9
Hannah Chandler,9
Dr. Michelle Dominguez,7
Paul Holloway,1
Matthew White,1
91,1
Jennifer Barber,1
Ryan Hudson,1
72875,0
Heidi Kline,2
60774,10
Michele Black,9
760219951,4
36744944,8
6b58646e-1d3a-4b72-b8a0-9f57c296d73d,10
cc6cf3e0-5794-4497-a31d-79b4db1b55a9,11
9280,11
Samuel Stokes,1
Monique Rios,1
62d4bdbc-8978-4cbf-b9ea-82aaa9188c91,6
Shawna Welch,10
89526932,2
c66f5cd5-3891-43ce-a3f8-0147b3d643b1,10
245658,0
552027385,0
da7677f8-d1f0-4e35-afe9-4240613e866b,2
Rhonda Sullivan,2
Adam Gutierrez,10
Gregory Carter,10
84616,10
528,10
88e9e7e8-3edf-4fd4-959d-8ec4f53e59d6,10
e09b64a2-397a-4bec-96a1-7d61479fe37a,10
Miranda Small,10
Tyler Blanchard,3
Christopher Simon,9
Aine,10
4086,10
William Murray,10
5025f249-0b3c-4741-a7aa-090d93395acf,10
4146760,10
26,10
aac2c35c-d06d-45df-a1f8-a0c4001f3897,10
Lindsey Barr,10
Candice Brown,10
Bulk Carrier,10
Nathaniel Shah,10
Noah Mitchell,10
715490,1
Jharkhand s GmbH & Co. KG,10
âSewardâs Follyâ,10
Phillips,10
Brittany Brewer,10
3342,3
354,3
âElquiâ,3
Rebecca Coleman,3
Richard Bowers,7
1bf22b98-519c-4131-8bb4-53ecdd193100,10
e941d006-6590-4143-9d0d-12926b0b6f5c,3
Ricardo Gomez,1
The Salty Dog Tidepool Kga Transport,1
14 months,1
âMoby-Dickâ,1
Amanda Santana,1
Dana Macias,1
Candace Burnett,7
721436,1
âcatch,0
âtotal,0
04eab3c4-ed99-467b-8844-b5279a6b955e,10
bottom otter trawler,10
da91eeb8-11f7-4634-95e7-f9413e9957aa,10
Stephen Peterson,10
779,4
762165,1
428,4
FlodstrÃ,10
6406914,5
900338,0
813be272-d3de-43c9-90be-ab14231fcf17,9
âSay,9
Scott Simpson,9
203,9
Irtysh - Inc Distribution,1
Bobby Walker,1
221942,9
0d1c7ce3-7243-47c0-9280-a3262b52dc0f,1
Hudsons Bay,1
327277616,9
Benjamin Barton,9
underwater,10
operated vehicle,10
13249468,2
Blake Smith,8
42990314,8
âpoachedâ,10
Robert Goodman,7
Diao yu bi sai Tidal BV Export,10
Christina Abbott,8
806,10
Madhya Pradesh Market Pic Transportation,9
Wendy Miller,8
Danielle Sosa,3
Jerry Miller,3
Jennifer Washington,4
Peter Bush,4
Robin Fernandez,4
66,4
Katherine Chavez,10
96c31987-d50d-4680-9397-2a9d0e3946e1,2
Ariel Thornton,10
Orange River  AS Logistics,10
6f59e8d7-8f5d-4a7d-a3a4-50ddcb7ad9ad,5
Darin Torres,0
Kevin Morris,0
111274e2-c155-4640-9a8e-f506f3fbca06,10
One Hongn,10
5d1f2e9c-f74a-41e9-974f-9b4e57edc9d7,8
Michelle Long,10
âlaughableâ,1
Brian Hansen,1
2362,10
Fin Flair Pic Delivery,10
519852438,1
âlegitimateâ,1
William Kim,1
Jeffrey Strong,8
Susan Williams,8
Kathryn Gomez,1
Himachal Pradesh Aquatic Plc Brothers,1
463,8
8634589,8
7260903,8
cc3c9a3e-9226-43e0-9c2e-2cabec77b0fc,10
Barry Harris,8
9345,9
Gerald Washington,9
Mar de la Vida OJSC,9
Jessica Kelly,9
Jon White,9
60017,9
Kevin Burnett,9
Rebecca Walker,9
22 Raptor,9
218148,9
decfc924-5bdc-4fba-8bbd-bb57d8d478d9,9
Amanda Scott,9
Estrella del Mar Inc Merchants,9
Scott Johnson,8
7ed038cd-64da-492f-a338-5c4636b91a2b,7
80774,7
Tammy Martin,8
6d0e9c69-47a0-497e-b26e-28755c949385,10
5362,1
73470062,10
765078,8
172279392,8
4852,2
8503254,1
80 Percent Arms,1
CM Nationali,1
Randall Newman,10
b1d6e468-f3c5-45f3-90a2-e76b2f329b2d,8
Larry Morrow,8
436460757,8
siladityaray,8
8302,8
6352,8
176,8
Kristen Martin,6
3657479,10
The Defendantsâ,10
86ac9e66-f9e8-4f2b-ad17-39a52c23288c,10
6ffd3349-37f4-48c5-bc9a-1b80e722e939,8
352,10
In month,10
Vincent Cummings,10
400,8
2430986,10
David Romero,10
Elizabeth Armstrong,1
Melissa Brock,1
455617,0
62532,4
649009867,4
b400d237-4d56-4de8-917a-8e7654ccf315,10
cd7cb49f-0021-4fe9-a3a9-cc8b3fce0c57,10
Bryan King,10
Manuel Hess,10
Tom Bauer,1
24996,10
Christopher Moore,0
Storm,10
Diane Forbes,8
Dawn Robinson,8
Eric Roman,10
Martin Jones,10
Chad Ruiz,10
687878,10
368951,10
c0ce6d15-622b-42a3-b892-f5efe5b4d00c,10
a086a63d-19c7-4241-845a-f82c628d09a2,10
6071877,8
93ac5fec-5f52-4431-a3ff-91430a8062f6,8
332bb88e-0a63-41e3-8a27-87795fd552e9,10
course years,10
440,1
4294544a-9643-4cfd-97a0-ac656cb17e60,1
214883455,1
Terri Rodriguez,10
868626239,3
Margaret Hodges,10
613556,8
979294,10
Travis Sparks,4
Deborah Porter DDS,4
3eed159b-e98e-4f8a-98c2-c34341435411,2
Curtis Grant,10
FishEye International,2
Logistics,2
C Express,2
âGenev,2
114d2882-b620-4098-bb56-d865bbb85339,0
Rose,10
1301719,10
Laurie Clark,10
Jennifer Brown,10
Rhonda Price,10
âgreenâ,10
Carol Wade,10
Sylvia Johnson,10
Wanda Collins,10
b8649055-5b40-43e1-ba33-93182cf978d4,10
âPartnersâ,10
âunregulatedâ,10
water fishing,10
874124852,10
36,10
Snow Crab,10
Lindsey Conway,10
Blue Water Ventures Kga,10
Danish Lobster Limited Liability Company Brothers,10
Patricia Flores,10
14636,10
Bloomberg Law,10
âexemplaryâ,10
8513,6
Mr. Justin Bailey MD,4
Getis-Ord,0
Brandon Berger,10
SaltwaterSavor Shipyard LC Merchants,10
18403617,5
e0cdfc51-7473-481d-8900-03f66d6e359e,1
Stock SA,10
3 Ltd. Liability Co,0
STL,10
Savaneta Corporation Marine life,9
Michael Limited Liability Company,10
âUS,0
intrafish,0
Uber Connect,7
Kores De Venezuela C A,9
Faroe Islands Plc Investment,10
Dr. Christina Jensen DDS,2
Dispenseroo,10
MV,8
Ronald,2
IndÃºstria Madeireira Uliana,10
Malabar Sea Catch Sp,5
